Sale Date,Product Name,Quantity Sold,Cost Price,Selling Price,Revenue,Profit
2023-01-09,Headphones,48,131.86,254.33,12207.84,5878.5599999999995
2023-08-31,Laptop,16,719.81,1192.03,19072.48,7555.52
2023-05-22,Tablet,23,447.95,510.24,11735.52,1432.6700000000005
2023-01-07,Tablet,11,366.05,524.81,5772.91,1746.3599999999992
2023-08-04,Smartphone,5,443.25,534.89,2674.45,458.19999999999993
2023-02-16,Smartwatch,22,147.25,491.6,10815.2,7575.700000000001
2023-07-28,Headphones,2,67.72,111.97,223.94,88.5
2023-06-15,Tablet,22,464.59,738.59,16248.980000000001,6028.000000000001
2023-01-18,Headphones,1,111.01,185.17,185.17,74.15999999999998
2023-12-31,Smartwatch,19,177.65,315.34,5991.459999999999,2616.109999999999
2023-02-13,Laptop,21,675.66,781.67,16415.07,2226.21
2023-10-26,Smartwatch,15,175.42,486.03,7290.45,4659.150000000001
2023-01-26,Tablet,21,453.32,522.38,10969.98,1450.26
2023-12-28,Tablet,8,369.96,461.83,3694.64,734.96
2023-08-07,Tablet,3,444.43,686.36,2059.08,725.79
2023-11-04,Smartphone,43,331.48,616.31,26501.329999999998,12247.689999999997
2023-09-20,Headphones,1,115.41,248.22,248.22,132.81
2023-01-13,Smartwatch,32,105.14,275.52,8816.64,5452.16
2023-01-13,Smartwatch,49,194.9,495.4,24274.6,14724.5
2023-04-19,Smartphone,35,304.18,636.33,22271.550000000003,11625.250000000002
2023-11-22,Smartphone,17,456.01,669.36,11379.12,3626.9500000000003
2023-10-21,Smartphone,12,560.17,716.58,8598.960000000001,1876.920000000001
2023-01-10,Headphones,8,101.16,218.7,1749.6,940.3199999999999
2023-04-10,Tablet,35,275.27,479.63,16787.05,7152.6
2023-09-22,Headphones,15,78.55,148.27,2224.05,1045.8000000000002
2023-09-28,Smartwatch,40,113.91,467.19,18687.6,14131.199999999999
2023-11-16,Headphones,22,133.65,123.43,2715.46,-224.83999999999997
2023-12-26,Smartwatch,45,225.68,202.02,9090.9,-1064.6999999999998
2023-07-26,Smartwatch,1,171.73,377.18,377.18,205.45000000000002
2023-05-31,Smartphone,22,595.4,598.56,13168.32,69.5199999999993
2023-01-07,Smartwatch,26,165.96,273.76,7117.76,2802.7999999999997
2023-11-30,Smartphone,16,312.03,856.61,13705.76,8713.28
2023-06-15,Tablet,25,261.41,636.41,15910.25,9374.999999999998
2023-08-25,Laptop,1,729.28,1122.65,1122.65,393.3700000000001
2023-02-07,Headphones,23,60.06,124.93,2873.3900000000003,1492.0100000000002
2023-03-15,Headphones,32,129.12,254.93,8157.76,4025.92
2023-05-19,Laptop,36,754.72,858.29,30898.44,3728.5199999999977
2023-01-15,Smartwatch,27,245.71,351.59,9492.929999999998,2858.7599999999993
2023-08-01,Headphones,1,136.0,282.26,282.26,146.26
2023-03-05,Smartwatch,5,244.08,290.07,1450.35,229.9499999999999
2023-09-10,Tablet,30,278.67,693.1,20793.0,12432.9
2023-11-06,Tablet,17,476.25,544.66,9259.22,1162.9699999999993
2023-01-13,Laptop,26,768.19,913.02,23738.52,3765.579999999998
2023-09-01,Headphones,38,104.29,273.01,10374.38,6411.359999999999
2023-05-22,Headphones,16,105.25,145.97,2335.52,651.52
2023-01-08,Smartphone,13,393.26,573.08,7450.040000000001,2337.6600000000008
2023-12-10,Headphones,31,97.92,180.23,5587.13,2551.6099999999997
2023-11-14,Smartwatch,5,173.67,216.98,1084.8999999999999,216.55
2023-06-30,Smartphone,12,549.66,855.54,10266.48,3670.56
2023-11-06,Smartphone,36,305.22,797.2,28699.2,17711.28
2023-09-10,Smartphone,35,582.74,854.23,29898.05,9502.15
2023-04-20,Smartphone,1,317.92,644.7,644.7,326.78000000000003
2023-12-03,Headphones,36,117.96,271.68,9780.48,5533.920000000001
2023-03-27,Smartphone,41,358.66,656.35,26910.350000000002,12205.289999999999
2023-12-06,Smartwatch,34,218.59,246.17,8369.779999999999,937.7199999999995
2023-10-12,Smartwatch,8,117.75,382.4,3059.2,2117.2
2023-04-25,Smartphone,48,496.72,878.85,42184.8,18342.239999999998
2023-03-07,Smartwatch,28,133.49,497.79,13938.12,10200.4
2023-05-19,Smartphone,16,430.55,543.54,8696.64,1807.8399999999992
2023-05-09,Tablet,38,298.02,486.91,18502.58,7177.8200000000015
2023-06-18,Smartwatch,22,112.54,445.26,9795.72,7319.839999999999
2023-12-29,Smartphone,1,513.47,813.48,813.48,300.01
2023-06-11,Smartphone,12,585.6,505.86,6070.32,-956.8800000000001
2023-08-26,Smartwatch,39,223.76,210.08,8193.12,-533.5199999999992
2023-08-09,Tablet,48,361.48,518.31,24878.879999999997,7527.8399999999965
2023-05-26,Headphones,25,116.82,242.81,6070.25,3149.75
2023-12-04,Laptop,34,563.35,755.2,25676.800000000003,6522.900000000001
2023-09-12,Tablet,30,480.81,465.52,13965.599999999999,-458.7000000000006
2023-01-18,Tablet,25,251.15,400.08,10002.0,3723.2499999999995
2023-01-18,Tablet,19,450.33,615.53,11695.07,3138.7999999999997
2023-11-26,Smartwatch,43,167.3,265.81,11429.83,4235.929999999999
2023-07-15,Smartwatch,36,141.87,274.97,9898.920000000002,4791.6
2023-01-08,Tablet,40,454.02,426.2,17048.0,-1112.7999999999997
2023-09-12,Tablet,32,364.47,561.42,17965.44,6302.399999999998
2023-06-22,Smartphone,10,366.61,780.18,7801.799999999999,4135.699999999999
2023-02-11,Tablet,45,265.59,507.07,22818.15,10866.6
2023-02-25,Smartphone,21,473.84,578.54,12149.34,2198.7
2023-08-17,Smartphone,47,332.19,760.61,35748.67,20135.74
2023-03-13,Smartphone,19,385.21,779.57,14811.830000000002,7492.840000000001
2023-03-14,Tablet,23,266.1,748.16,17207.68,11087.38
2024-01-01,Tablet,28,278.75,676.07,18929.960000000003,11124.960000000001
2023-08-14,Laptop,47,578.26,792.17,37231.99,10053.769999999999
2023-06-13,Headphones,41,103.37,233.19,9560.789999999999,5322.62
2023-06-23,Laptop,13,746.28,833.3,10832.9,1131.2599999999998
2023-03-21,Laptop,47,652.9,821.88,38628.36,7942.060000000001
2023-01-25,Headphones,8,55.12,222.0,1776.0,1335.04
2023-10-28,Tablet,25,294.37,552.95,13823.750000000002,6464.500000000001
2023-05-24,Smartphone,27,396.85,879.4,23743.8,13028.849999999999
2023-07-23,Tablet,20,419.34,404.32,8086.4,-300.39999999999964
2023-07-04,Laptop,26,547.56,902.51,23465.26,9228.7
2023-04-08,Laptop,6,709.41,1140.92,6845.52,2589.0600000000004
2023-01-19,Laptop,18,682.47,1173.93,21130.74,8846.28
2023-02-23,Tablet,11,328.76,413.66,4550.26,933.9000000000003
2023-04-22,Smartwatch,39,243.83,457.99,17861.61,8352.24
2023-02-19,Smartwatch,21,138.48,213.41,4481.61,1573.5300000000002
2023-08-07,Smartphone,1,369.29,870.52,870.52,501.22999999999996
2023-12-24,Laptop,31,793.73,785.88,24362.28,-243.3500000000007
2023-04-20,Headphones,19,142.63,111.49,2118.31,-591.66
2023-06-13,Smartphone,3,501.13,764.99,2294.9700000000003,791.58
2023-10-27,Smartphone,41,348.58,802.89,32918.49,18626.71
2023-11-24,Tablet,45,453.2,489.43,22024.35,1630.3500000000008
2023-08-08,Tablet,43,437.23,668.81,28758.829999999998,9957.939999999997
2023-02-08,Headphones,39,69.2,184.88,7210.32,4511.5199999999995
2023-04-07,Smartphone,8,302.7,770.85,6166.8,3745.2000000000003
2023-08-24,Smartwatch,37,149.26,209.36,7746.320000000001,2223.7000000000007
2023-11-15,Headphones,9,80.12,177.39,1596.5099999999998,875.4299999999998
2023-10-20,Headphones,39,72.8,170.33,6642.870000000001,3803.6700000000005
2023-10-05,Headphones,9,123.0,176.93,1592.3700000000001,485.37000000000006
2023-12-28,Tablet,9,257.94,567.73,5109.57,2788.11
2023-07-29,Smartphone,17,360.56,655.84,11149.28,5019.76
2023-05-29,Laptop,24,710.55,1123.61,26966.64,9913.439999999999
2023-01-17,Tablet,8,328.22,728.69,5829.52,3203.76
2023-09-21,Headphones,50,113.77,297.72,14886.000000000002,9197.500000000002
2023-10-11,Tablet,42,368.31,556.7,23381.4,7912.380000000002
2023-10-31,Headphones,35,125.94,137.31,4805.85,397.95000000000016
2023-01-18,Smartphone,44,406.4,753.39,33149.159999999996,15267.560000000001
2023-04-19,Headphones,4,94.39,160.5,642.0,264.44
2023-05-15,Smartwatch,19,109.64,486.86,9250.34,7167.18
2023-03-31,Tablet,19,297.37,498.56,9472.64,3822.61
2023-02-03,Smartwatch,20,174.2,454.26,9085.2,5601.2
2023-05-08,Smartwatch,43,243.14,482.86,20762.98,10307.960000000001
2023-01-08,Smartphone,15,502.05,622.57,9338.550000000001,1807.8000000000006
2023-06-22,Headphones,37,83.32,141.57,5238.09,2155.25
2023-02-16,Tablet,10,316.93,467.0,4670.0,1500.6999999999998
2023-12-10,Tablet,15,306.75,717.89,10768.35,6167.099999999999
2023-03-14,Tablet,46,333.62,514.94,23687.24,8340.720000000003
2023-05-17,Smartwatch,18,106.26,359.88,6477.84,4565.16
2023-09-26,Smartphone,6,536.26,728.38,4370.28,1152.72
2023-04-30,Smartwatch,10,200.13,209.12,2091.2,89.90000000000009
2023-09-18,Tablet,12,292.66,618.37,7420.4400000000005,3908.5199999999995
2023-05-06,Smartphone,13,364.88,850.15,11051.949999999999,6308.51
2023-06-25,Headphones,50,125.04,289.78,14488.999999999998,8236.999999999998
2023-05-06,Headphones,33,97.56,228.03,7524.99,4305.51
2023-08-30,Laptop,12,645.99,905.57,10866.84,3114.9600000000005
2023-03-21,Headphones,6,83.17,125.42,752.52,253.5
2023-08-19,Smartwatch,6,197.71,372.62,2235.7200000000003,1049.46
2023-12-05,Smartwatch,30,135.59,223.46,6703.8,2636.1000000000004
2023-06-12,Smartphone,2,435.69,500.43,1000.86,129.48000000000002
2023-06-24,Smartphone,21,304.43,870.54,18281.34,11888.309999999998
2023-10-27,Smartphone,47,592.89,814.43,38278.21,10412.379999999997
2023-10-06,Smartphone,37,457.81,777.26,28758.62,11819.65
2023-10-27,Smartphone,13,396.92,632.37,8220.81,3060.85
2023-06-26,Smartwatch,26,142.43,236.93,6160.18,2457.0
2023-03-18,Headphones,14,56.79,280.74,3930.36,3135.3
2023-05-30,Laptop,8,781.6,799.07,6392.56,139.76000000000022
2023-06-24,Laptop,3,628.89,833.47,2500.41,613.7400000000001
2023-08-01,Tablet,47,251.42,543.1,25525.7,13708.960000000003
2023-01-22,Smartwatch,4,227.5,311.42,1245.68,335.68000000000006
2023-07-28,Smartphone,37,306.85,788.1,29159.7,17806.25
2023-09-12,Smartwatch,2,246.68,372.58,745.16,251.79999999999995
2023-08-12,Smartphone,29,571.02,655.22,19001.38,2441.800000000001
2023-04-13,Tablet,28,300.64,564.57,15807.960000000001,7390.040000000002
2023-08-26,Laptop,1,502.73,928.0,928.0,425.27
2023-03-27,Smartphone,23,467.0,823.21,18933.83,8192.830000000002
2023-07-03,Smartphone,36,385.64,726.52,26154.72,12271.68
2023-08-11,Headphones,47,96.85,285.75,13430.25,8878.300000000001
2023-05-14,Tablet,20,452.41,477.08,9541.6,493.3999999999992
2023-08-03,Smartphone,3,575.7,631.67,1895.0099999999998,167.90999999999974
2023-04-28,Laptop,31,613.01,1146.16,35530.96,16527.65
2023-07-05,Tablet,28,299.24,612.27,17143.559999999998,8764.84
2023-08-12,Tablet,9,492.19,442.06,3978.54,-451.16999999999996
2023-05-06,Tablet,11,412.11,619.29,6812.19,2278.9799999999996
2023-03-02,Headphones,44,124.92,145.92,6420.48,923.9999999999993
2023-12-04,Smartwatch,15,208.54,280.8,4212.0,1083.9000000000003
2023-08-07,Smartwatch,21,137.24,242.07,5083.47,2201.43
2023-09-26,Tablet,37,490.04,629.82,23303.34,5171.8600000000015
2023-02-03,Tablet,36,461.45,557.04,20053.44,3441.239999999999
2023-05-02,Smartwatch,29,172.37,361.13,10472.77,5474.04
2023-12-30,Tablet,2,444.31,656.87,1313.74,425.12
2023-08-25,Laptop,15,689.13,797.07,11956.050000000001,1619.1000000000008
2023-06-27,Laptop,4,731.58,1194.4,4777.6,1851.2800000000002
2023-04-17,Headphones,27,149.6,215.01,5805.2699999999995,1766.07
2023-12-17,Headphones,16,78.67,291.68,4666.88,3408.16
2023-02-22,Smartwatch,13,181.93,398.38,5178.94,2813.85
2023-06-29,Tablet,7,330.0,557.38,3901.66,1591.6599999999999
2023-08-11,Smartphone,21,427.62,780.41,16388.61,7408.589999999999
2023-04-06,Smartwatch,35,226.47,484.0,16940.0,9013.55
2023-07-01,Headphones,35,95.3,160.98,5634.299999999999,2298.7999999999997
2023-03-22,Tablet,27,342.83,625.68,16893.359999999997,7636.949999999999
2023-02-19,Tablet,33,284.95,688.33,22714.890000000003,13311.54
2023-01-10,Headphones,7,101.39,197.77,1384.39,674.6600000000001
2023-06-20,Tablet,43,435.73,542.49,23327.07,4590.679999999999
2023-05-11,Smartphone,7,541.77,851.16,5958.12,2165.73
2023-11-30,Laptop,13,634.76,789.04,10257.52,2005.6399999999996
2023-02-01,Laptop,30,739.64,1077.64,32329.200000000004,10140.000000000004
2023-07-24,Laptop,27,625.56,773.0,20871.0,3980.8800000000015
2023-05-14,Smartwatch,19,124.82,300.2,5703.8,3332.22
2023-05-24,Headphones,31,56.64,237.42,7360.0199999999995,5604.179999999999
2023-11-01,Smartphone,38,364.07,808.07,30706.660000000003,16872.000000000004
2023-08-03,Laptop,33,540.9,812.18,26801.94,8952.24
2023-09-04,Headphones,35,147.06,129.95,4548.25,-598.8500000000005
2023-08-08,Tablet,16,488.54,565.15,9042.4,1225.7599999999993
2023-09-29,Smartphone,34,517.65,635.93,21621.62,4021.519999999999
2023-05-25,Laptop,27,606.66,788.91,21300.57,4920.75
2023-03-06,Headphones,8,119.58,248.28,1986.24,1029.6
2023-06-14,Smartphone,29,407.03,672.5,19502.5,7698.630000000001
2023-10-27,Tablet,2,494.67,442.71,885.42,-103.92000000000007
2023-04-27,Smartwatch,17,109.32,284.01,4828.17,2969.73
2023-02-14,Tablet,5,445.51,700.38,3501.9,1274.35
2023-08-17,Laptop,26,722.99,1106.17,28760.420000000002,9962.680000000002
2023-11-21,Headphones,12,78.11,284.45,3413.3999999999996,2476.08
2023-02-25,Tablet,29,419.96,598.64,17360.56,5181.72
2023-12-09,Headphones,11,55.85,221.44,2435.84,1821.49
2023-10-31,Laptop,5,528.8,807.94,4039.7000000000003,1395.7000000000005
2023-07-25,Smartwatch,24,177.04,387.8,9307.2,5058.240000000001
2023-05-06,Headphones,23,52.15,248.04,5704.92,4505.469999999999
2023-10-28,Laptop,45,709.03,830.14,37356.3,5449.950000000001
2023-02-28,Smartwatch,4,133.22,240.89,963.56,430.67999999999995
2023-07-20,Headphones,33,86.71,238.8,7880.400000000001,5018.970000000001
2023-08-08,Headphones,32,72.47,234.08,7490.56,5171.52
2023-01-16,Smartwatch,48,199.78,245.34,11776.32,2186.88
2023-07-11,Smartphone,17,489.46,769.86,13087.62,4766.8
2023-01-19,Tablet,30,352.2,521.89,15656.699999999999,5090.7
2023-10-11,Laptop,35,783.22,1187.3,41555.5,14142.799999999997
2023-04-20,Smartwatch,1,199.68,305.71,305.71,106.02999999999997
2023-07-21,Smartphone,19,304.1,816.2,15507.800000000001,9729.9
2023-05-25,Smartphone,9,562.63,559.59,5036.31,-27.359999999999673
2023-10-31,Laptop,9,701.92,916.19,8245.710000000001,1928.4300000000007
2023-05-20,Smartphone,17,321.83,654.62,11128.54,5657.43
2023-07-30,Laptop,45,799.22,1094.9,49270.50000000001,13305.600000000002
2023-01-25,Smartwatch,20,101.46,242.63,4852.6,2823.4000000000005
2023-01-01,Headphones,37,59.71,252.53,9343.61,7134.34
2023-05-11,Tablet,21,347.46,709.91,14908.109999999999,7611.45
2023-11-29,Laptop,16,682.12,1120.21,17923.36,7009.4400000000005
2023-12-09,Smartwatch,48,173.25,320.38,15378.24,7062.24
2023-08-06,Smartwatch,16,147.9,316.51,5064.16,2697.7599999999998
2023-07-13,Smartwatch,25,132.72,247.16,6179.0,2861.0
2023-09-29,Smartphone,7,356.92,594.34,4160.38,1661.94
2023-09-21,Tablet,26,474.59,449.6,11689.6,-649.7399999999988
2023-08-06,Smartphone,22,483.73,608.21,13380.62,2738.5600000000004
2023-02-20,Tablet,26,301.22,619.74,16113.24,8281.52
2023-01-29,Headphones,9,102.41,119.35,1074.1499999999999,152.45999999999998
2023-12-04,Headphones,29,84.48,192.44,5580.76,3130.8399999999997
2023-08-30,Headphones,43,130.1,273.51,11760.93,6166.63
2023-04-01,Laptop,21,692.29,963.75,20238.75,5700.660000000001
2023-05-02,Tablet,38,384.68,582.56,22137.28,7519.439999999998
2023-02-18,Laptop,4,703.88,1079.96,4319.84,1504.3200000000002
2023-06-29,Laptop,35,696.28,1010.24,35358.4,10988.600000000002
2023-12-24,Laptop,23,535.87,1186.87,27298.01,14972.999999999998
2023-10-01,Headphones,19,67.02,209.3,3976.7000000000003,2703.3200000000006
2023-03-25,Smartphone,11,366.78,520.6,5726.6,1692.0200000000004
2023-08-02,Laptop,50,677.4,1074.39,53719.50000000001,19849.500000000007
2023-08-19,Headphones,1,121.05,112.11,112.11,-8.939999999999998
2023-03-02,Laptop,1,580.61,1182.93,1182.93,602.32
2023-08-25,Headphones,28,57.04,290.74,8140.72,6543.6
2023-01-21,Smartphone,33,410.5,669.61,22097.13,8550.630000000001
2023-04-20,Headphones,7,145.98,196.72,1377.04,355.18000000000006
2023-01-14,Headphones,27,85.94,172.84,4666.68,2346.3
2023-04-08,Headphones,44,105.08,229.16,10083.039999999999,5459.5199999999995
2023-10-11,Tablet,32,344.83,636.52,20368.64,9334.08
2023-02-27,Tablet,27,398.67,413.1,11153.7,389.6100000000002
2023-12-29,Laptop,20,512.96,717.62,14352.4,4093.1999999999994
2023-12-01,Smartwatch,12,127.11,226.61,2719.32,1194.0000000000002
2023-03-21,Laptop,36,565.03,878.9,31640.399999999998,11299.32
2023-08-19,Headphones,41,119.44,195.97,8034.7699999999995,3137.73
2023-11-16,Headphones,14,51.76,207.68,2907.52,2182.88
2023-02-12,Headphones,35,96.7,220.27,7709.450000000001,4324.95
2023-10-14,Laptop,12,777.25,951.88,11422.56,2095.56
2023-05-23,Smartphone,50,584.13,834.64,41732.0,12525.5
2023-06-22,Laptop,49,681.96,1040.39,50979.11000000001,17563.070000000003
2023-08-12,Tablet,24,282.33,450.61,10814.64,4038.7200000000007
2023-08-12,Headphones,23,96.86,260.17,5983.910000000001,3756.13
2023-04-13,Headphones,2,83.41,108.53,217.06,50.24000000000001
2023-01-11,Laptop,17,740.12,1024.47,17415.99,4833.950000000001
2023-03-29,Smartphone,41,497.45,871.25,35721.25,15325.800000000001
2023-02-05,Tablet,28,373.89,722.7,20235.600000000002,9766.680000000002
2023-06-13,Laptop,32,741.36,801.28,25640.96,1917.4399999999987
2023-04-24,Smartphone,22,349.58,894.45,19677.9,11987.140000000003
2023-01-07,Tablet,26,405.47,726.8,18896.8,8354.579999999998
2023-09-03,Smartphone,21,412.07,685.35,14392.35,5738.880000000001
2023-01-14,Tablet,33,327.95,593.65,19590.45,8768.1
2023-09-09,Tablet,19,406.04,707.58,13444.02,5729.26
2023-05-27,Smartphone,22,585.05,552.47,12154.34,-716.7599999999984
2023-03-03,Tablet,32,479.74,502.37,16075.84,724.1599999999999
2023-10-20,Smartwatch,1,147.52,292.59,292.59,145.06999999999996
2023-12-15,Laptop,12,655.06,832.94,9995.28,2134.5600000000013
2023-10-10,Headphones,14,91.79,220.01,3080.14,1795.0799999999995
2023-03-20,Headphones,37,118.59,291.92,10801.04,6413.21
2023-04-14,Smartwatch,47,200.32,411.73,19351.31,9936.27
2023-12-05,Smartwatch,20,155.12,415.59,8311.8,5209.4
2023-07-22,Smartwatch,49,123.76,280.62,13750.380000000001,7686.14
2023-08-28,Smartwatch,2,119.15,327.67,655.34,417.04
2023-10-25,Laptop,29,563.54,894.34,25935.86,9593.200000000003
2023-05-25,Tablet,15,267.75,478.93,7183.95,3167.7000000000003
2023-03-15,Smartwatch,17,141.78,380.08,6461.36,4051.1
2023-06-06,Tablet,49,304.54,480.8,23559.2,8636.74
2023-10-27,Smartphone,15,456.37,779.3,11689.5,4843.949999999999
2023-07-16,Tablet,32,330.2,413.23,13223.36,2656.960000000001
2023-12-03,Smartphone,41,522.84,712.07,29194.870000000003,7758.43
2023-11-28,Smartphone,15,431.46,814.26,12213.9,5742.0
2023-07-14,Headphones,36,122.96,186.93,6729.4800000000005,2302.9200000000005
2023-08-22,Laptop,8,768.17,739.0,5912.0,-233.35999999999967
2023-07-13,Smartphone,38,373.74,525.87,19983.06,5780.94
2023-10-04,Laptop,43,707.04,721.82,31038.260000000002,635.5400000000037
2023-05-08,Smartwatch,44,111.36,403.74,17764.56,12864.72
2023-10-15,Tablet,37,477.08,705.07,26087.59,8435.630000000003
2023-02-04,Tablet,5,264.72,668.34,3341.7000000000003,2018.1
2023-06-04,Tablet,16,361.3,674.67,10794.72,5013.919999999999
2023-03-04,Laptop,3,648.3,1104.06,3312.18,1367.28
2023-09-20,Smartphone,13,420.57,616.54,8015.0199999999995,2547.6099999999997
2023-05-25,Tablet,37,426.89,715.07,26457.59,10662.660000000002
2023-10-16,Headphones,30,109.57,204.83,6144.900000000001,2857.8000000000006
2023-01-04,Tablet,3,441.93,732.88,2198.64,872.8499999999999
2023-07-06,Tablet,14,463.2,434.45,6082.3,-402.5
2023-11-07,Headphones,16,75.16,160.41,2566.56,1364.0
2023-08-04,Headphones,8,91.49,220.03,1760.24,1028.3200000000002
2023-05-11,Headphones,5,82.24,241.43,1207.15,795.95
2023-08-17,Smartwatch,9,167.27,271.99,2447.91,942.48
2023-01-29,Laptop,41,621.47,798.3,32730.3,7250.029999999997
2023-01-24,Tablet,17,312.38,537.88,9143.96,3833.5
2023-06-30,Smartwatch,38,237.96,435.29,16541.02,7498.540000000001
2023-07-16,Tablet,2,304.93,410.92,821.84,211.98000000000002
2023-09-22,Tablet,27,475.06,732.79,19785.329999999998,6958.709999999999
2023-06-24,Smartwatch,33,160.77,419.03,13827.99,8522.58
2023-10-04,Headphones,23,92.63,177.57,4084.1099999999997,1953.62
2023-06-10,Tablet,47,412.13,655.73,30819.31,11449.2
2023-09-07,Smartwatch,23,249.53,403.22,9274.060000000001,3534.870000000001
2023-02-07,Smartwatch,36,177.29,239.33,8615.880000000001,2233.4400000000005
2023-07-31,Tablet,15,308.88,534.38,8015.7,3382.5
2023-06-20,Smartphone,24,335.58,730.24,17525.760000000002,9471.84
2023-01-06,Smartphone,27,415.49,512.55,13838.849999999999,2620.6199999999985
2023-02-13,Headphones,12,119.62,242.71,2912.52,1477.08
2023-05-11,Tablet,15,252.55,602.22,9033.300000000001,5245.05
2023-11-27,Laptop,41,548.31,1096.45,44954.450000000004,22473.740000000005
2023-03-30,Headphones,36,144.2,143.84,5178.24,-12.959999999999468
2023-03-10,Smartphone,12,384.81,698.14,8377.68,3759.96
2023-03-30,Tablet,19,301.2,715.57,13595.830000000002,7873.030000000002
2023-11-21,Smartwatch,7,197.98,277.58,1943.06,557.1999999999999
2023-12-30,Tablet,26,387.91,583.32,15166.320000000002,5080.660000000001
2023-01-28,Headphones,34,137.86,196.88,6693.92,2006.6799999999994
2023-09-03,Tablet,45,340.59,713.28,32097.6,16771.05
2023-01-22,Laptop,11,643.92,1144.27,12586.97,5503.85
2023-04-12,Smartwatch,27,131.99,266.59,7197.929999999999,3634.199999999999
2023-03-04,Smartphone,8,454.84,671.85,5374.8,1736.0800000000004
2023-10-17,Smartphone,17,518.28,516.56,8781.519999999999,-29.240000000000464
2023-05-12,Tablet,36,419.78,528.53,19027.079999999998,3915.0
2023-01-09,Tablet,30,283.1,683.59,20507.7,12014.7
2023-07-12,Tablet,18,479.32,611.69,11010.420000000002,2382.660000000001
2023-03-25,Smartwatch,29,233.5,376.58,10920.82,4149.32
2023-08-12,Smartphone,2,542.96,792.02,1584.04,498.1199999999999
2023-01-18,Tablet,30,272.02,500.45,15013.5,6852.900000000001
2023-09-20,Smartwatch,30,102.18,294.1,8823.0,5757.6
2023-04-14,Headphones,4,125.82,127.46,509.84,6.560000000000002
2023-10-24,Tablet,6,344.32,702.62,4215.72,2149.8
2023-05-21,Smartwatch,39,175.28,308.65,12037.349999999999,5201.429999999999
2023-09-26,Smartwatch,7,209.61,267.65,1873.5499999999997,406.27999999999975
2023-07-19,Headphones,21,90.51,169.94,3568.74,1668.0299999999997
2023-05-09,Headphones,27,90.44,238.91,6450.57,4008.69
2023-02-06,Smartwatch,16,200.97,396.74,6347.84,3132.32
2023-01-15,Tablet,40,344.99,538.98,21559.2,7759.6
2023-03-16,Laptop,8,675.93,804.62,6436.96,1029.5200000000004
2023-01-30,Tablet,8,350.96,653.69,5229.52,2421.8400000000006
2023-02-26,Headphones,36,119.01,206.99,7451.64,3167.28
2023-03-29,Laptop,21,723.33,1139.46,23928.66,8738.73
2023-08-02,Tablet,8,363.24,664.79,5318.32,2412.3999999999996
2023-12-26,Tablet,49,363.26,425.9,20869.1,3069.359999999999
2023-10-21,Smartphone,23,537.38,671.73,15449.79,3090.0500000000006
2023-03-14,Headphones,37,87.78,197.78,7317.86,4070.0
2023-06-26,Smartphone,49,404.61,596.07,29207.430000000004,9381.54
2023-01-17,Headphones,45,52.02,191.36,8611.2,6270.3
2023-08-28,Laptop,40,670.42,804.36,32174.4,5357.600000000002
2023-01-16,Headphones,25,130.14,220.2,5505.0,2251.5
2023-07-28,Smartwatch,20,231.37,311.98,6239.6,1612.2000000000003
2023-04-25,Smartphone,48,500.3,674.16,32359.68,8345.279999999999
2023-07-22,Headphones,1,128.05,276.16,276.16,148.11
2023-07-28,Tablet,30,483.48,492.79,14783.7,279.30000000000007
2023-06-09,Headphones,48,71.85,158.35,7600.799999999999,4152.0
2023-10-10,Headphones,27,94.77,136.71,3691.17,1132.3800000000003
2023-03-15,Smartphone,42,392.7,514.53,21610.26,5116.86
2023-07-25,Laptop,9,627.65,1002.72,9024.48,3375.6300000000006
2023-10-07,Tablet,16,400.7,614.35,9829.6,3418.4000000000005
2023-05-23,Smartphone,20,496.08,756.71,15134.2,5212.600000000001
2023-10-03,Smartphone,32,509.72,557.18,17829.76,1518.7199999999975
2023-02-05,Laptop,10,741.25,722.69,7226.900000000001,-185.59999999999945
2023-05-13,Tablet,30,302.44,681.28,20438.399999999998,11365.199999999999
2023-01-09,Smartphone,10,385.8,682.96,6829.6,2971.6000000000004
2023-04-10,Tablet,29,411.77,661.4,19180.6,7239.2699999999995
2023-04-11,Tablet,4,310.31,570.41,2281.64,1040.3999999999999
2023-02-18,Headphones,50,145.67,251.77,12588.5,5305.000000000001
2023-05-15,Smartphone,40,578.12,845.57,33822.8,10698.000000000002
2023-09-20,Smartwatch,21,164.42,289.52,6079.92,2627.1
2023-09-15,Smartwatch,26,234.52,478.04,12429.04,6331.52
2023-04-10,Smartphone,27,302.39,846.9,22866.3,14701.77
2023-03-07,Smartphone,25,337.42,661.22,16530.5,8095.0
2023-03-23,Smartwatch,22,160.09,215.16,4733.5199999999995,1211.54
2023-09-24,Smartphone,36,371.32,519.34,18696.24,5328.720000000001
2023-12-28,Smartwatch,23,227.24,261.07,6004.61,778.0899999999997
2023-06-22,Headphones,50,79.84,274.14,13707.0,9715.0
2023-04-21,Laptop,21,604.56,717.85,15074.85,2379.0900000000015
2023-02-23,Laptop,29,775.69,763.92,22153.68,-341.33000000000277
2023-06-07,Laptop,13,779.45,1122.78,14596.14,4463.289999999999
2023-09-16,Smartphone,1,360.79,656.75,656.75,295.96
2023-04-16,Smartphone,18,361.39,777.42,13993.56,7488.539999999999
2023-10-12,Laptop,7,585.16,1021.65,7151.55,3055.4300000000003
2023-02-04,Tablet,38,321.2,493.4,18749.2,6543.599999999999
2023-09-04,Headphones,40,131.48,193.54,7741.599999999999,2482.4
2023-09-11,Tablet,34,385.93,580.62,19741.08,6619.46
2023-04-18,Tablet,4,369.83,630.43,2521.72,1042.3999999999999
2023-08-14,Tablet,34,452.33,639.75,21751.5,6372.280000000001
2023-05-23,Tablet,43,379.4,550.24,23660.32,7346.120000000002
2023-04-07,Laptop,13,593.84,1180.62,15348.059999999998,7628.1399999999985
2023-08-21,Tablet,46,341.97,564.01,25944.46,10213.839999999998
2023-09-21,Tablet,32,465.63,652.39,20876.48,5976.32
2023-07-13,Headphones,45,90.8,197.64,8893.8,4807.799999999999
2023-05-23,Smartwatch,13,179.35,388.13,5045.69,2714.14
2023-01-25,Smartwatch,18,216.08,349.59,6292.62,2403.1799999999994
2023-11-09,Smartphone,31,353.48,570.22,17676.82,6718.9400000000005
2023-12-27,Laptop,23,619.42,704.15,16195.449999999999,1948.7900000000004
2023-10-11,Laptop,31,608.28,969.15,30043.649999999998,11186.97
2023-12-06,Smartwatch,40,170.98,404.19,16167.6,9328.4
2023-09-11,Tablet,34,256.5,702.52,23885.68,15164.68
2023-11-21,Smartwatch,18,193.42,226.29,4073.22,591.6600000000001
2023-04-16,Laptop,15,556.08,978.7,14680.5,6339.3
2023-06-20,Laptop,33,754.8,1074.4,35455.200000000004,10546.800000000005
2023-08-15,Headphones,13,85.73,152.86,1987.1800000000003,872.6900000000002
2023-08-21,Tablet,39,270.99,547.18,21340.019999999997,10771.409999999998
2023-06-13,Smartphone,15,515.94,701.92,10528.8,2789.6999999999985
2023-10-21,Laptop,15,586.6,1160.11,17401.649999999998,8602.649999999998
2023-12-14,Smartwatch,5,221.47,449.39,2246.95,1139.6
2023-11-18,Smartphone,6,390.18,516.03,3096.18,755.0999999999998
2023-07-27,Laptop,5,636.43,995.41,4977.05,1794.9
2023-07-25,Headphones,3,58.81,172.12,516.36,339.93
2023-01-26,Smartwatch,29,184.0,350.26,10157.539999999999,4821.54
2023-09-28,Smartphone,2,547.86,580.53,1161.06,65.33999999999992
2023-10-13,Laptop,40,662.73,1067.55,42702.0,16192.799999999997
2023-09-26,Smartphone,32,437.93,652.22,20871.04,6857.280000000001
2023-11-25,Tablet,22,427.48,524.51,11539.22,2134.6599999999994
2023-01-09,Smartphone,19,453.48,580.88,11036.72,2420.5999999999995
2023-10-15,Laptop,7,692.82,937.38,6561.66,1711.9199999999996
2023-08-07,Laptop,1,715.73,723.69,723.69,7.960000000000036
2023-09-17,Tablet,18,414.41,620.7,11172.6,3713.2200000000003
2023-02-05,Laptop,38,518.0,725.86,27582.68,7898.68
2023-06-14,Laptop,6,520.9,1102.22,6613.32,3487.92
2023-06-08,Smartwatch,8,178.02,271.19,2169.52,745.3599999999999
2023-05-01,Smartphone,42,552.76,846.4,35548.799999999996,12332.88
2023-01-08,Tablet,18,455.01,453.9,8170.2,-19.980000000000246
2023-06-20,Headphones,43,84.8,278.7,11984.1,8337.699999999999
2023-06-02,Laptop,41,583.94,718.9,29474.899999999998,5533.359999999997
2023-10-17,Smartwatch,11,215.35,361.1,3972.1000000000004,1603.2500000000002
2023-01-03,Laptop,38,678.44,859.61,32665.18,6884.459999999998
2023-06-05,Headphones,45,112.45,183.16,8242.2,3181.95
2023-07-14,Laptop,14,779.43,905.04,12670.56,1758.5400000000002
2023-09-07,Smartphone,25,495.78,739.83,18495.75,6101.250000000002
2023-03-27,Headphones,6,88.17,195.02,1170.1200000000001,641.1
2023-03-22,Laptop,22,679.9,731.15,16085.3,1127.5
2023-06-17,Tablet,8,376.25,637.68,5101.44,2091.4399999999996
2023-10-04,Smartphone,39,582.38,872.42,34024.38,11311.559999999998
2023-05-30,Headphones,26,65.45,124.16,3228.16,1526.4599999999998
2023-02-02,Smartphone,16,558.95,573.67,9178.72,235.51999999999862
2023-06-23,Tablet,44,339.94,401.23,17654.120000000003,2696.760000000001
2023-04-02,Tablet,42,281.78,598.77,25148.34,13313.58
2023-04-20,Smartphone,12,550.41,580.64,6967.68,362.7600000000002
2023-06-08,Tablet,11,266.85,421.26,4633.86,1698.5099999999998
2023-03-15,Laptop,18,528.95,1134.91,20428.38,10907.28
2023-05-02,Tablet,13,264.35,454.06,5902.78,2466.2299999999996
2023-05-18,Smartphone,27,445.62,579.84,15655.68,3623.9400000000005
2023-04-02,Smartphone,49,461.23,819.56,40158.439999999995,17558.17
2023-09-20,Tablet,10,260.79,486.28,4862.799999999999,2254.8999999999996
2023-03-21,Laptop,17,694.83,756.18,12855.06,1042.9499999999985
2023-07-22,Laptop,45,554.99,925.65,41654.25,16679.699999999997
2023-09-25,Laptop,42,643.53,734.82,30862.440000000002,3834.180000000003
2023-06-21,Smartphone,14,583.57,796.86,11156.04,2986.0599999999995
2023-08-14,Smartphone,12,382.67,828.34,9940.08,5348.04
2023-02-13,Smartphone,15,325.16,842.57,12638.550000000001,7761.1500000000015
2023-12-21,Tablet,3,301.32,632.39,1897.17,993.21
2023-02-21,Smartwatch,50,140.98,247.96,12398.0,5349.000000000001
2023-01-17,Smartphone,5,340.69,734.13,3670.65,1967.2
2023-02-09,Tablet,5,465.7,404.71,2023.55,-304.95000000000005
2023-02-02,Smartwatch,3,193.38,229.16,687.48,107.34
2023-01-24,Tablet,33,490.45,494.82,16329.06,144.21000000000015
2023-10-17,Smartwatch,21,205.31,319.4,6707.4,2395.8899999999994
2023-05-19,Smartphone,6,449.74,681.21,4087.26,1388.8200000000002
2023-03-04,Headphones,34,122.18,172.13,5852.42,1698.2999999999997
2023-10-13,Smartwatch,3,236.82,214.81,644.4300000000001,-66.02999999999997
2023-02-26,Laptop,30,752.75,1154.07,34622.1,12039.599999999999
2023-03-17,Laptop,30,680.53,1060.62,31818.6,11402.699999999997
2023-09-29,Smartwatch,7,193.17,301.07,2107.49,755.3000000000001
2023-02-25,Smartphone,4,470.78,690.23,2760.92,877.8000000000002
2023-08-06,Laptop,14,557.05,867.1,12139.4,4340.700000000001
2023-06-28,Smartwatch,44,140.68,216.77,9537.880000000001,3347.96
2023-03-24,Headphones,3,100.5,297.1,891.3000000000001,589.8000000000001
2023-07-07,Laptop,16,761.84,868.41,13894.56,1705.119999999999
2023-05-24,Smartphone,15,472.47,759.22,11388.300000000001,4301.25
2023-12-15,Laptop,9,540.58,1047.22,9424.98,4559.76
2023-08-05,Smartwatch,29,200.18,334.37,9696.73,3891.5099999999998
2023-06-23,Tablet,6,324.5,592.19,3553.1400000000003,1606.1400000000003
2023-10-05,Smartwatch,16,170.15,454.97,7279.52,4557.120000000001
2023-05-16,Laptop,24,599.33,1058.53,25404.72,11020.8
2023-11-04,Smartphone,40,321.72,697.06,27882.399999999998,15013.599999999997
2023-11-06,Tablet,7,342.24,527.72,3694.04,1298.3600000000001
2023-01-06,Smartphone,38,401.41,841.3,31969.399999999998,16715.819999999996
2023-09-29,Tablet,48,431.92,696.36,33425.28,12693.119999999999
2023-12-18,Headphones,32,86.82,170.02,5440.64,2662.4000000000005
2023-09-12,Smartphone,13,303.39,572.52,7442.76,3498.69
2023-11-13,Tablet,14,399.01,647.03,9058.42,3472.2799999999997
2023-09-24,Tablet,24,308.28,621.42,14914.079999999998,7515.36
2023-10-03,Laptop,35,669.96,1171.34,40996.899999999994,17548.299999999996
2023-08-14,Headphones,45,105.95,286.86,12908.7,8140.950000000001
2023-01-13,Smartwatch,8,177.47,397.97,3183.76,1764.0000000000002
2023-06-19,Smartphone,13,307.43,733.27,9532.51,5535.92
2023-02-07,Smartwatch,39,215.06,290.88,11344.32,2956.9799999999996
2023-01-24,Laptop,22,699.11,1180.01,25960.22,10579.8
2023-04-22,Smartphone,27,357.66,658.19,17771.13,8114.31
2023-02-11,Laptop,13,626.92,1046.82,13608.66,5458.7
2023-06-13,Laptop,22,533.19,916.42,20161.239999999998,8431.059999999998
2023-07-22,Headphones,28,136.32,242.32,6784.96,2968.0
2023-01-21,Headphones,10,136.82,224.54,2245.4,877.2
2023-04-15,Smartwatch,12,134.59,202.33,2427.96,812.8800000000001
2023-04-30,Tablet,17,463.15,747.37,12705.29,4831.740000000001
2023-05-11,Headphones,34,72.67,128.11,4355.740000000001,1884.9600000000005
2023-08-24,Smartphone,10,491.22,600.66,6006.599999999999,1094.3999999999994
2023-04-04,Tablet,33,312.1,716.46,23643.18,13343.880000000001
2023-08-29,Smartwatch,19,216.37,339.86,6457.34,2346.3100000000004
2023-03-25,Headphones,41,113.0,252.43,10349.630000000001,5716.63
2023-11-17,Laptop,31,525.42,827.22,25643.82,9355.800000000003
2023-04-11,Headphones,49,91.82,119.28,5844.72,1345.5400000000004
2023-05-29,Tablet,1,292.95,610.52,610.52,317.57
2023-01-26,Headphones,37,147.61,104.1,3851.7,-1609.8700000000008
2023-04-28,Tablet,37,365.09,484.11,17912.07,4403.740000000002
2023-06-08,Laptop,19,507.0,705.42,13402.98,3769.979999999999
2023-05-21,Smartphone,20,499.29,541.21,10824.2,838.4000000000003
2023-05-13,Headphones,2,82.49,128.47,256.94,91.96000000000001
2023-10-09,Smartphone,43,409.86,571.34,24567.620000000003,6943.640000000001
2023-02-17,Smartphone,21,330.15,591.55,12422.55,5489.4
2023-03-02,Headphones,11,65.52,150.05,1650.5500000000002,929.8300000000002
2023-02-09,Laptop,1,783.49,832.28,832.28,48.789999999999964
2023-06-12,Laptop,40,690.2,728.92,29156.8,1548.7999999999965
2023-11-14,Tablet,33,272.02,476.97,15740.01,6763.350000000001
2023-05-05,Smartwatch,49,246.18,461.85,22630.65,10567.83
2023-12-22,Smartwatch,6,101.14,409.78,2458.68,1851.84
2023-08-23,Laptop,21,593.8,821.05,17242.05,4772.25
2023-10-15,Smartphone,48,520.45,738.94,35469.12,10487.52
2023-05-02,Headphones,10,52.43,256.28,2562.7999999999997,2038.4999999999995
2023-08-12,Smartphone,3,479.08,591.96,1775.88,338.64000000000016
2023-06-25,Smartwatch,17,164.02,260.62,4430.54,1642.1999999999998
2023-07-09,Headphones,7,68.77,114.55,801.85,320.46000000000004
2023-01-08,Tablet,15,459.6,605.77,9086.55,2192.5499999999993
2023-09-20,Headphones,9,120.99,245.28,2207.52,1118.6100000000001
2023-03-24,Laptop,19,519.63,1151.86,21885.339999999997,12012.369999999999
2023-05-20,Laptop,8,508.48,805.9,6447.2,2379.3599999999997
2023-10-21,Smartphone,2,355.73,720.07,1440.14,728.6800000000001
2023-05-06,Laptop,29,530.72,1172.39,33999.310000000005,18608.43
2023-07-02,Laptop,34,627.5,715.86,24339.24,3004.2400000000007
2023-02-18,Laptop,9,576.31,865.66,7790.94,2604.15
2023-01-24,Laptop,40,684.84,992.33,39693.200000000004,12299.6
2023-11-26,Tablet,30,420.76,662.9,19887.0,7264.2
2023-01-01,Smartphone,10,583.5,765.57,7655.700000000001,1820.7000000000005
2023-08-12,Headphones,6,119.13,280.15,1680.8999999999999,966.1199999999999
2023-02-07,Smartwatch,36,238.55,390.53,14059.079999999998,5471.279999999999
2023-07-13,Tablet,4,400.75,688.99,2755.96,1152.96
2023-07-03,Smartwatch,27,153.64,383.61,10357.470000000001,6209.1900000000005
2023-06-24,Tablet,11,389.24,659.85,7258.35,2976.71
2023-02-27,Headphones,2,116.17,268.22,536.44,304.1
2023-06-04,Laptop,49,643.41,999.15,48958.35,17431.260000000002
2023-09-28,Laptop,45,697.93,1052.78,47375.1,15968.250000000002
2023-10-21,Headphones,39,113.77,162.81,6349.59,1912.5600000000002
2023-04-23,Smartwatch,28,190.93,417.54,11691.12,6345.08
2023-09-17,Tablet,40,298.35,583.75,23350.0,11416.0
2023-11-14,Tablet,23,321.97,575.21,13229.830000000002,5824.52
2023-12-06,Smartphone,27,336.89,895.9,24189.3,15093.27
2023-04-08,Smartwatch,7,242.19,221.18,1548.26,-147.06999999999994
2023-05-01,Smartwatch,43,172.75,430.83,18525.69,11097.439999999999
2023-01-19,Tablet,45,493.92,730.82,32886.9,10660.500000000002
2023-11-07,Headphones,14,133.88,197.27,2761.78,887.4600000000003
2023-10-30,Tablet,16,459.42,411.99,6591.84,-758.8800000000001
2023-03-11,Laptop,32,794.67,986.04,31553.28,6123.84
2023-01-18,Smartwatch,35,115.96,413.34,14466.9,10408.3
2023-05-13,Laptop,12,547.71,1062.29,12747.48,6174.959999999999
2023-03-26,Smartphone,10,551.3,685.2,6852.0,1339.000000000001
2023-12-26,Laptop,44,769.05,1094.58,48161.52,14323.32
2023-03-01,Headphones,12,55.11,102.25,1227.0,565.6800000000001
2023-11-13,Tablet,31,296.65,536.65,16636.149999999998,7440.0
2023-08-05,Tablet,32,303.58,739.21,23654.72,13940.160000000002
2023-08-08,Smartphone,32,569.11,852.71,27286.72,9075.2
2023-02-06,Headphones,34,63.65,180.46,6135.64,3971.54
2023-05-10,Tablet,49,447.7,536.65,26295.85,4358.549999999999
2023-11-21,Headphones,10,133.29,137.95,1379.5,46.599999999999966
2023-06-03,Headphones,13,64.24,215.47,2801.11,1965.9900000000002
2023-10-31,Smartphone,9,505.5,730.29,6572.61,2023.1099999999997
2023-11-07,Smartwatch,29,224.6,258.06,7483.74,970.3400000000003
2023-07-27,Smartphone,28,524.67,746.07,20889.960000000003,6199.200000000003
2023-04-09,Smartphone,20,544.73,835.57,16711.4,5816.800000000001
2023-03-29,Smartwatch,1,207.27,209.76,209.76,2.4899999999999807
2023-04-07,Laptop,33,686.44,1105.98,36497.340000000004,13844.82
2023-12-31,Tablet,26,279.25,519.14,13497.64,6237.139999999999
2023-05-18,Smartphone,2,315.53,805.64,1611.28,980.22
2023-09-09,Tablet,33,344.34,435.89,14384.369999999999,3021.1500000000005
2023-06-02,Headphones,31,114.0,274.63,8513.53,4979.53
2023-01-29,Smartwatch,15,182.01,209.61,3144.15,414.00000000000034
2023-07-13,Smartphone,46,382.69,558.17,25675.82,8072.079999999998
2023-08-23,Tablet,29,288.57,602.37,17468.73,9100.2
2023-05-06,Tablet,45,312.44,548.12,24665.4,10605.6
2023-06-25,Smartphone,35,590.81,577.5,20212.5,-465.8499999999981
2023-10-08,Smartphone,8,477.67,879.41,7035.28,3213.9199999999996
2023-05-05,Tablet,37,467.3,433.03,16022.109999999999,-1267.9900000000014
2023-01-07,Tablet,3,334.76,492.16,1476.48,472.2000000000001
2023-03-22,Smartwatch,44,173.87,330.09,14523.96,6873.6799999999985
2023-07-21,Smartphone,39,429.28,628.19,24499.410000000003,7757.490000000003
2023-12-12,Tablet,31,482.83,627.73,19459.63,4491.9000000000015
2023-02-16,Smartphone,36,523.12,538.32,19379.52,547.2000000000016
2023-05-29,Smartphone,26,596.93,789.46,20525.96,5005.7800000000025
2023-02-06,Headphones,29,67.14,196.1,5686.9,3739.8399999999992
2023-05-23,Smartphone,45,451.18,837.55,37689.75,17386.649999999998
2023-10-10,Tablet,33,427.28,480.05,15841.65,1741.4100000000012
2023-08-18,Headphones,5,99.77,276.23,1381.15,882.3000000000002
2023-03-03,Smartwatch,32,130.18,389.04,12449.28,8283.52
2023-09-03,Headphones,27,119.66,182.99,4940.7300000000005,1709.9100000000003
2023-12-26,Smartwatch,34,175.8,475.27,16159.18,10181.98
2023-04-25,Smartwatch,32,195.61,298.76,9560.32,3300.7999999999993
2023-05-29,Smartphone,34,303.78,670.4,22793.6,12465.08
2023-07-15,Tablet,14,332.2,510.24,7143.360000000001,2492.5600000000004
2023-01-19,Smartwatch,35,113.8,347.05,12146.75,8163.75
2023-06-19,Smartwatch,17,159.21,469.4,7979.799999999999,5273.229999999999
2023-03-09,Tablet,28,280.77,507.06,14197.68,6336.120000000001
2023-01-04,Headphones,11,117.43,139.67,1536.37,244.6399999999998
2023-07-19,Smartphone,10,352.89,550.02,5500.2,1971.3
2023-03-14,Headphones,49,131.97,131.9,6463.1,-3.4299999999996658
2023-02-12,Laptop,24,662.46,1023.49,24563.760000000002,8664.72
2023-07-20,Headphones,1,82.75,135.37,135.37,52.620000000000005
2023-03-10,Smartwatch,6,180.1,352.79,2116.7400000000002,1036.14
2023-10-08,Laptop,24,700.43,755.37,18128.88,1318.5600000000013
2023-07-30,Smartwatch,36,209.61,381.76,13743.36,6197.4
2023-11-26,Tablet,17,300.86,646.02,10982.34,5867.719999999999
2023-10-22,Smartwatch,6,138.4,485.76,2914.56,2084.16
2023-06-22,Tablet,37,430.09,642.66,23778.42,7865.09
2023-03-06,Smartphone,38,560.77,765.49,29088.62,7779.360000000001
2023-07-27,Tablet,40,404.19,562.93,22517.199999999997,6349.5999999999985
2023-11-23,Tablet,31,261.86,637.19,19752.890000000003,11635.230000000001
2023-05-13,Smartwatch,20,178.22,279.35,5587.0,2022.6000000000004
2023-02-09,Laptop,31,691.54,793.43,24596.329999999998,3158.5899999999997
2023-09-11,Headphones,16,149.82,145.03,2320.48,-76.63999999999987
2023-07-18,Laptop,33,710.44,868.01,28644.329999999998,5199.809999999998
2023-03-12,Smartwatch,36,157.81,224.05,8065.8,2384.6400000000003
2023-01-09,Headphones,16,143.09,286.93,4590.88,2301.44
2023-10-11,Smartphone,27,499.13,651.55,17591.85,4115.339999999999
2023-01-15,Headphones,11,140.96,226.07,2486.77,936.2099999999998
2023-09-25,Smartphone,30,510.56,507.56,15226.8,-90.0
2023-11-19,Smartwatch,30,124.55,470.72,14121.6,10385.1
2023-02-21,Headphones,19,86.71,257.28,4888.32,3240.83
2023-03-27,Laptop,50,770.74,1105.82,55291.0,16753.999999999996
2023-06-23,Smartphone,9,426.43,565.58,5090.22,1252.3500000000004
2023-07-10,Laptop,36,747.32,841.33,30287.88,3384.3599999999997
2023-02-02,Smartwatch,21,197.2,396.56,8327.76,4186.56
2023-11-16,Laptop,1,719.96,836.42,836.42,116.45999999999992
2023-12-29,Tablet,11,390.76,453.43,4987.7300000000005,689.3700000000001
2023-02-21,Laptop,24,654.0,1007.55,24181.199999999997,8485.199999999999
2023-03-02,Tablet,3,341.21,592.76,1778.28,754.6500000000001
2023-10-02,Headphones,24,100.63,243.96,5855.04,3439.92
2023-08-28,Laptop,43,799.06,946.48,40698.64,6339.060000000003
2024-01-01,Tablet,15,301.19,568.4,8526.0,4008.1499999999996
2023-07-14,Laptop,11,741.46,718.13,7899.43,-256.63000000000045
2023-03-21,Laptop,15,688.09,935.89,14038.35,3716.999999999999
2023-08-05,Headphones,46,149.45,167.64,7711.44,836.7399999999999
2023-01-11,Headphones,8,111.26,158.0,1264.0,373.91999999999996
2023-09-14,Laptop,43,702.01,997.27,42882.61,12696.18
2023-10-23,Tablet,37,298.17,400.36,14813.32,3781.0299999999997
2023-09-28,Smartphone,17,539.27,880.98,14976.66,5809.070000000001
2023-02-07,Smartwatch,44,125.83,372.61,16394.84,10858.320000000002
2024-01-01,Laptop,33,725.96,1084.73,35796.090000000004,11839.41
2023-03-02,Smartwatch,23,183.52,416.98,9590.54,5369.58
2023-12-26,Headphones,42,101.35,181.68,7630.56,3373.8600000000006
2023-09-21,Smartwatch,39,208.4,436.42,17020.38,8892.78
2023-10-09,Laptop,42,675.63,938.41,39413.22,11036.759999999998
2023-04-06,Laptop,43,634.07,843.42,36267.06,9002.049999999996
2023-03-18,Headphones,41,148.92,253.71,10402.11,4296.390000000001
2023-03-27,Tablet,43,256.1,500.55,21523.65,10511.35
2023-08-05,Smartphone,42,571.23,530.03,22261.26,-1730.400000000002
2023-05-01,Smartphone,6,501.6,890.58,5343.4800000000005,2333.88
2023-12-13,Smartwatch,15,140.94,389.56,5843.4,3729.3
2023-05-16,Smartphone,22,599.47,893.92,19666.239999999998,6477.899999999999
2023-01-15,Headphones,6,66.58,252.7,1516.1999999999998,1116.72
2023-07-10,Headphones,33,101.76,205.97,6797.01,3438.93
2023-12-27,Smartphone,17,540.89,597.61,10159.37,964.2400000000005
2023-06-30,Tablet,43,289.09,613.97,26400.710000000003,13969.840000000002
2023-05-24,Headphones,41,71.59,233.27,9564.07,6628.88
2023-12-17,Headphones,15,70.76,183.48,2752.2,1690.7999999999997
2023-11-04,Laptop,50,565.34,903.32,45166.0,16899.0
2023-07-31,Smartphone,28,521.1,646.55,18103.399999999998,3512.599999999998
2023-11-14,Headphones,6,113.32,148.34,890.04,210.12000000000006
2023-09-09,Tablet,43,418.34,446.5,19199.5,1210.880000000001
2023-08-05,Tablet,33,464.79,445.0,14685.0,-653.0700000000006
2023-04-29,Headphones,45,106.79,273.06,12287.7,7482.15
2023-09-07,Tablet,17,346.66,588.81,10009.769999999999,4116.549999999998
2023-09-26,Laptop,3,547.56,739.6,2218.8,576.1200000000002
2023-09-10,Tablet,13,286.39,727.35,9455.550000000001,5732.4800000000005
2023-01-18,Smartwatch,39,125.94,288.86,11265.54,6353.880000000001
2023-11-13,Laptop,50,681.71,793.9,39695.0,5609.499999999997
2023-02-26,Headphones,14,146.69,204.56,2863.84,810.1800000000001
2023-05-13,Headphones,11,69.4,114.93,1264.23,500.83000000000004
2023-07-29,Laptop,17,509.62,1188.28,20200.76,11537.22
2023-05-11,Headphones,7,106.83,135.14,945.9799999999999,198.1699999999999
2023-12-08,Tablet,12,338.81,411.74,4940.88,875.1600000000001
2023-02-12,Smartwatch,37,107.01,330.56,12230.72,8271.35
2023-04-29,Smartwatch,10,160.41,204.89,2048.8999999999996,444.7999999999999
2023-01-17,Smartphone,12,511.61,744.37,8932.44,2793.12
2023-08-05,Smartwatch,28,147.71,482.95,13522.6,9386.720000000001
2023-06-18,Tablet,31,250.15,474.36,14705.16,6950.51
2023-01-22,Laptop,16,517.98,1002.5,16040.0,7752.32
2023-05-10,Laptop,40,710.69,849.52,33980.8,5553.199999999997
2023-08-04,Laptop,19,542.66,717.59,13634.210000000001,3323.670000000001
2023-02-15,Tablet,24,316.72,717.37,17216.88,9615.599999999999
2023-04-03,Tablet,5,258.17,670.11,3350.55,2059.7
2023-10-23,Smartphone,29,343.41,718.53,20837.37,10878.479999999998
2023-04-17,Tablet,46,312.8,537.71,24734.660000000003,10345.86
2023-12-23,Tablet,28,456.9,721.98,20215.440000000002,7422.240000000002
2023-10-21,Tablet,14,482.24,408.52,5719.28,-1032.0800000000004
2023-09-21,Smartwatch,5,127.04,476.9,2384.5,1749.2999999999997
2023-06-23,Smartphone,42,565.67,554.71,23297.82,-460.31999999999675
2023-12-02,Laptop,29,533.09,856.64,24842.56,9382.949999999999
2023-11-02,Smartwatch,19,112.77,214.36,4072.84,1930.2100000000003
2023-11-13,Smartphone,35,483.17,871.24,30493.4,13582.449999999999
2023-11-19,Laptop,20,759.48,866.0,17320.0,2130.3999999999996
2023-12-14,Laptop,48,524.09,860.86,41321.28,16164.96
2023-01-04,Smartphone,17,447.56,677.67,11520.39,3911.8699999999994
2023-04-28,Tablet,11,296.24,427.66,4704.26,1445.6200000000001
2023-03-12,Headphones,28,94.82,215.49,6033.72,3378.76
2023-05-11,Laptop,34,636.92,869.65,29568.1,7912.820000000001
2023-02-12,Headphones,11,111.06,169.43,1863.73,642.07
2023-12-22,Smartwatch,20,171.96,276.0,5520.0,2080.7999999999997
2023-06-20,Smartwatch,8,173.05,440.24,3521.92,2137.52
2023-06-24,Headphones,22,50.63,299.66,6592.52,5478.660000000001
2023-07-06,Laptop,4,502.41,968.78,3875.12,1865.4799999999998
2023-09-30,Headphones,27,63.43,109.28,2950.56,1237.95
2023-01-19,Smartwatch,49,163.22,411.24,20150.760000000002,12152.980000000001
2023-04-24,Laptop,32,511.35,1058.71,33878.72,17515.52
2023-10-13,Laptop,28,779.51,907.69,25415.32,3589.040000000002
2023-06-02,Smartwatch,20,146.31,340.38,6807.6,3881.3999999999996
2023-04-08,Smartwatch,5,218.55,436.74,2183.7,1090.95
2023-04-25,Headphones,45,117.73,290.78,13085.099999999999,7787.249999999998
2023-05-26,Tablet,50,271.34,441.5,22075.0,8508.000000000002
2023-01-22,Tablet,27,295.98,625.9,16899.3,8907.839999999998
2023-05-23,Tablet,40,358.05,624.39,24975.6,10653.599999999999
2023-02-16,Tablet,41,378.42,557.06,22839.46,7324.239999999997
2023-10-30,Smartwatch,29,196.38,265.61,7702.6900000000005,2007.6700000000005
2023-07-13,Headphones,9,129.64,214.22,1927.98,761.2200000000001
2023-01-18,Smartphone,18,503.84,538.06,9685.079999999998,615.9599999999995
2023-10-13,Smartphone,35,376.05,523.26,18314.1,5152.349999999999
2023-09-29,Smartwatch,22,138.49,309.42,6807.240000000001,3760.46
2023-06-28,Headphones,12,84.76,269.29,3231.4800000000005,2214.3600000000006
2023-12-26,Smartphone,8,426.62,899.78,7198.24,3785.2799999999997
2023-03-29,Laptop,29,635.62,710.72,20610.88,2177.9000000000005
2023-01-01,Smartphone,33,514.82,595.13,19639.29,2650.229999999998
2023-06-22,Tablet,47,431.75,568.13,26702.11,6409.86
2023-09-12,Laptop,38,546.52,767.01,29146.38,8378.62
2023-08-14,Headphones,7,97.66,141.77,992.3900000000001,308.7700000000001
2023-05-31,Smartwatch,38,214.27,483.05,18355.9,10213.64
2023-09-15,Headphones,13,124.26,170.73,2219.49,604.1099999999998
2023-04-03,Tablet,13,270.0,606.62,7886.06,4376.06
2023-06-07,Smartwatch,10,230.92,247.38,2473.8,164.60000000000008
2023-10-12,Laptop,45,581.53,1073.87,48324.149999999994,22155.299999999996
2023-06-16,Smartphone,2,406.37,695.2,1390.4,577.6600000000001
2023-12-05,Smartwatch,21,211.19,442.6,9294.6,4859.610000000001
2023-05-03,Smartwatch,4,153.76,262.04,1048.16,433.1200000000001
2023-04-06,Smartwatch,43,187.13,477.77,20544.11,12497.519999999999
2023-08-21,Smartphone,15,483.07,731.22,10968.300000000001,3722.2500000000005
2023-11-03,Smartwatch,27,102.57,417.59,11274.929999999998,8505.539999999999
2023-08-13,Headphones,6,120.61,119.17,715.02,-8.639999999999986
2023-04-11,Smartphone,28,433.85,545.98,15287.44,3139.64
2023-08-12,Laptop,5,557.51,963.0,4815.0,2027.45
2023-12-24,Smartphone,3,582.72,884.28,2652.84,904.6799999999998
2023-01-03,Laptop,11,550.3,786.29,8649.189999999999,2595.8900000000003
2023-11-21,Headphones,34,131.51,242.42,8242.279999999999,3770.94
2023-05-31,Tablet,40,280.52,530.76,21230.4,10009.6
2023-03-05,Tablet,6,364.39,449.29,2695.7400000000002,509.4000000000002
2023-07-31,Tablet,2,264.45,678.97,1357.94,829.0400000000001
2023-01-17,Laptop,23,537.62,907.18,20865.14,8499.88
2023-03-05,Laptop,25,661.74,1097.94,27448.5,10905.000000000002
2023-03-24,Smartphone,18,310.03,615.81,11084.579999999998,5504.039999999999
2023-01-07,Laptop,28,640.98,1173.57,32859.96,14912.519999999997
2023-11-23,Smartwatch,6,158.85,480.41,2882.46,1929.3600000000004
2023-09-14,Smartphone,26,530.31,745.71,19388.46,5600.400000000002
2023-02-26,Headphones,32,141.57,190.51,6096.32,1566.08
2023-03-26,Tablet,30,490.82,734.75,22042.5,7317.900000000001
2023-12-10,Smartphone,28,369.35,780.92,21865.76,11523.96
2023-11-10,Tablet,32,284.19,487.77,15608.64,6514.5599999999995
2023-12-07,Smartphone,11,485.68,757.17,8328.869999999999,2986.3899999999994
2023-05-19,Headphones,47,85.72,195.91,9207.77,5178.93
2023-09-24,Headphones,45,56.39,101.11,4549.95,2012.3999999999999
2023-07-18,Smartwatch,24,114.75,203.65,4887.6,2133.6000000000004
2023-09-20,Smartwatch,19,141.48,306.35,5820.650000000001,3132.5300000000007
2023-03-06,Smartwatch,7,224.86,383.09,2681.6299999999997,1107.6099999999997
2023-09-03,Laptop,21,699.56,1045.88,21963.480000000003,7272.720000000003
2023-08-10,Smartwatch,32,158.87,289.34,9258.88,4175.039999999999
2023-12-14,Headphones,5,142.02,107.6,538.0,-172.10000000000008
2023-01-30,Laptop,37,694.55,811.4,30021.8,4323.450000000001
2023-12-17,Headphones,50,68.56,140.74,7037.0,3609.0000000000005
2023-03-10,Tablet,17,390.68,478.65,8137.049999999999,1495.4899999999996
2023-07-18,Smartphone,41,460.49,871.93,35749.13,16869.039999999997
2023-04-17,Tablet,15,336.42,601.72,9025.800000000001,3979.5
2023-11-24,Smartwatch,44,155.36,351.73,15476.12,8640.28
2023-09-18,Headphones,22,130.99,170.54,3751.8799999999997,870.0999999999997
2023-03-20,Tablet,42,356.07,543.57,22829.940000000002,7875.000000000003
2023-04-28,Smartwatch,21,104.93,334.13,7016.73,4813.2
2023-12-09,Tablet,4,308.15,621.1,2484.4,1251.8000000000002
2023-05-15,Smartwatch,39,112.02,354.69,13832.91,9464.130000000001
2023-09-15,Laptop,27,595.53,1070.64,28907.280000000002,12827.970000000003
2023-12-04,Tablet,19,380.39,684.47,13004.93,5777.52
2023-02-27,Tablet,46,258.83,685.43,31529.78,19623.6
2023-04-09,Smartwatch,25,169.16,267.52,6688.0,2458.9999999999995
2023-02-27,Tablet,35,435.52,507.39,17758.649999999998,2515.4500000000003
2023-12-07,Headphones,10,140.5,141.12,1411.2,6.2000000000000455
2023-08-10,Tablet,2,444.73,665.47,1330.94,441.48
2023-08-28,Headphones,40,123.69,280.46,11218.4,6270.799999999999
2023-02-24,Laptop,39,696.78,752.6,29351.4,2176.980000000002
2023-12-26,Headphones,43,59.3,266.15,11444.449999999999,8894.55
2023-02-21,Smartphone,41,416.48,891.67,36558.47,19482.789999999997
2023-04-22,Headphones,9,60.08,166.8,1501.2,960.4800000000001
2023-05-16,Tablet,11,485.18,691.47,7606.17,2269.19
2023-05-05,Tablet,8,468.41,528.85,4230.8,483.52
2023-07-27,Smartphone,26,397.62,691.9,17989.399999999998,7651.279999999999
2023-03-23,Laptop,15,718.53,1168.19,17522.850000000002,6744.9000000000015
2023-12-31,Smartphone,7,595.09,763.57,5344.990000000001,1179.3600000000001
2023-10-25,Laptop,14,520.19,821.0,11494.0,4211.339999999999
2023-01-19,Laptop,18,527.74,1058.89,19060.02,9560.7
2023-11-10,Laptop,11,556.99,951.74,10469.14,4342.25
2023-03-28,Smartphone,50,428.21,706.77,35338.5,13928.0
2023-11-19,Headphones,15,119.7,253.37,3800.55,2005.0500000000002
2023-12-14,Laptop,19,694.83,817.19,15526.61,2324.84
2023-06-15,Smartphone,31,460.95,898.08,27840.48,13551.030000000002
2023-11-27,Laptop,9,646.44,1085.68,9771.12,3953.16
2023-02-05,Tablet,7,329.2,510.09,3570.6299999999997,1266.23
2023-06-01,Laptop,33,724.57,1124.33,37102.89,13192.079999999996
2023-04-18,Tablet,19,280.25,427.86,8129.34,2804.59
2023-04-10,Headphones,19,138.23,203.63,3868.97,1242.6000000000001
2023-09-01,Tablet,28,463.39,405.22,11346.16,-1628.7599999999989
2023-12-26,Smartphone,5,395.29,545.12,2725.6,749.1499999999999
2023-11-03,Smartphone,13,365.81,507.45,6596.849999999999,1841.3199999999997
2023-12-21,Smartphone,17,544.04,884.4,15034.8,5786.12
2023-06-19,Laptop,17,590.48,741.77,12610.09,2571.9299999999994
2023-03-29,Tablet,22,425.8,625.65,13764.3,4396.699999999999
2023-11-01,Smartwatch,18,203.32,213.51,3843.18,183.41999999999996
2023-08-27,Smartwatch,38,148.41,341.61,12981.18,7341.6
2023-10-09,Smartphone,4,471.24,836.24,3344.96,1460.0
2023-08-23,Smartphone,18,552.34,741.34,13344.12,3402.0
2023-09-06,Laptop,12,600.15,1066.56,12798.72,5596.92
2023-11-30,Headphones,11,103.19,295.66,3252.26,2117.17
2023-04-21,Smartwatch,8,154.86,492.75,3942.0,2703.12
2023-05-24,Smartwatch,25,129.1,468.48,11712.0,8484.5
2023-10-15,Laptop,17,752.34,810.41,13776.97,987.1899999999989
2023-09-07,Tablet,10,433.67,622.59,6225.900000000001,1889.2000000000003
2023-09-15,Smartwatch,27,236.61,413.29,11158.83,4770.360000000001
2023-10-31,Laptop,13,728.56,1160.89,15091.570000000002,5620.290000000002
2023-06-03,Headphones,35,116.73,268.21,9387.349999999999,5301.799999999998
2023-12-26,Headphones,37,79.97,248.93,9210.41,6251.52
2023-08-20,Laptop,1,584.57,1020.74,1020.74,436.16999999999996
2023-03-14,Headphones,2,85.4,237.24,474.48,303.68
2023-05-24,Laptop,50,552.19,1099.11,54955.49999999999,27345.999999999993
2023-07-17,Headphones,20,121.71,204.04,4080.7999999999997,1646.6
2023-04-29,Laptop,44,758.3,717.3,31561.199999999997,-1804.0
2023-10-05,Tablet,41,425.53,557.74,22867.34,5420.6100000000015
2023-07-03,Headphones,49,138.45,162.05,7940.450000000001,1156.400000000001
2023-07-06,Tablet,3,329.36,484.33,1452.99,464.9099999999999
2023-06-27,Smartwatch,6,119.4,470.69,2824.14,2107.74
2023-06-15,Headphones,1,75.76,141.6,141.6,65.83999999999999
2023-02-05,Headphones,23,134.35,209.61,4821.030000000001,1730.9800000000005
2023-03-16,Tablet,28,279.59,667.77,18697.559999999998,10869.04
2023-08-02,Smartphone,17,436.36,849.65,14444.05,7025.929999999999
2023-03-06,Headphones,50,114.64,181.05,9052.5,3320.5000000000005
2023-01-26,Tablet,2,459.0,599.42,1198.84,280.8399999999999
2023-02-15,Laptop,30,520.84,1012.26,30367.8,14742.599999999999
2023-04-07,Tablet,39,279.02,489.85,19104.15,8222.37
2023-09-02,Laptop,37,514.99,838.92,31040.039999999997,11985.409999999998
2023-03-17,Smartwatch,13,177.91,354.03,4602.389999999999,2289.5599999999995
2023-06-12,Tablet,35,407.73,589.87,20645.45,6374.9
2023-12-03,Smartphone,44,521.5,853.57,37557.08,14611.080000000002
2023-01-13,Tablet,35,489.24,465.66,16298.1,-825.2999999999995
2023-02-28,Smartphone,30,395.67,832.24,24967.2,13097.1
2023-11-05,Laptop,47,564.86,745.67,35046.49,8498.069999999998
2023-03-15,Smartphone,9,313.24,700.15,6301.349999999999,3482.1899999999996
2023-12-14,Tablet,12,335.73,694.43,8333.16,4304.4
2023-02-27,Smartwatch,22,222.16,384.63,8461.86,3574.34
2023-07-30,Smartwatch,27,123.96,292.36,7893.72,4546.800000000001
2023-09-20,Laptop,17,772.86,841.19,14300.230000000001,1161.6100000000006
2023-07-13,Smartwatch,21,138.94,415.54,8726.34,5808.6
2023-12-24,Tablet,11,448.24,677.56,7453.16,2522.5199999999995
2023-03-19,Headphones,28,63.34,245.48,6873.44,5099.92
2023-06-25,Smartwatch,2,154.07,432.94,865.88,557.74
2023-06-22,Laptop,27,791.3,1006.3,27170.1,5805.0
2023-02-19,Headphones,25,54.36,161.67,4041.7499999999995,2682.7499999999995
2023-05-26,Smartphone,10,517.87,515.14,5151.4,-27.300000000000182
2023-08-05,Laptop,10,721.86,911.41,9114.1,1895.4999999999995
2023-11-17,Smartwatch,10,141.77,435.99,4359.9,2942.2000000000003
2023-11-01,Smartphone,22,322.69,794.07,17469.54,10370.36
2023-02-07,Smartphone,28,391.32,622.99,17443.72,6486.76
2023-04-05,Tablet,47,403.53,718.87,33786.89,14820.980000000001
2023-03-01,Tablet,33,392.91,640.2,21126.600000000002,8160.570000000001
2023-04-21,Smartphone,14,544.97,610.95,8553.300000000001,923.7200000000003
2023-06-11,Laptop,15,621.25,1132.45,16986.75,7668.000000000001
2023-08-12,Headphones,26,145.1,149.48,3886.4799999999996,113.87999999999988
2023-05-17,Tablet,44,435.24,583.84,25688.960000000003,6538.4000000000015
2023-09-15,Tablet,9,443.47,541.95,4877.55,886.3200000000002
2023-02-07,Laptop,48,650.14,1021.73,49043.04,17836.32
2023-03-17,Tablet,39,471.03,630.9,24605.1,6234.93
2023-05-09,Tablet,48,449.48,689.34,33088.32,11513.28
2023-02-07,Smartwatch,27,135.05,342.45,9246.15,5599.799999999999
2023-02-20,Laptop,9,768.0,928.65,8357.85,1445.85
2023-03-06,Laptop,41,529.13,1164.81,47757.21,26062.879999999997
2023-04-21,Smartphone,18,308.17,775.44,13957.920000000002,8410.86
2023-05-03,Smartwatch,23,147.48,256.71,5904.33,2512.29
2023-08-14,Smartwatch,11,201.4,236.62,2602.82,387.41999999999996
2023-06-18,Tablet,12,340.93,410.32,4923.84,832.6799999999998
2023-01-24,Headphones,46,122.29,225.41,10368.86,4743.5199999999995
2023-03-22,Tablet,46,413.01,549.32,25268.72,6270.260000000003
2023-01-26,Smartphone,12,320.7,736.42,8837.039999999999,4988.639999999999
2023-12-09,Tablet,42,377.05,467.88,19650.96,3814.859999999999
2023-12-14,Smartwatch,1,195.3,243.11,243.11,47.81
2023-06-03,Smartphone,49,365.41,689.75,33797.75,15892.659999999998
2023-01-14,Smartwatch,1,129.21,206.01,206.01,76.79999999999998
2023-03-03,Tablet,43,418.04,568.91,24463.129999999997,6487.409999999998
2023-03-02,Laptop,20,536.31,762.93,15258.599999999999,4532.4
2023-05-13,Headphones,40,86.6,109.61,4384.4,920.4000000000002
2023-01-28,Smartwatch,31,147.04,274.69,8515.39,3957.15
2023-05-25,Smartwatch,26,157.99,472.11,12274.86,8167.12
2023-08-23,Smartphone,27,525.27,634.03,17118.809999999998,2936.5199999999995
2023-12-10,Headphones,11,108.49,180.73,1988.03,794.64
2023-09-17,Headphones,50,115.97,218.31,10915.5,5117.0
2023-04-05,Tablet,41,481.49,438.21,17966.61,-1774.4800000000012
2023-11-19,Smartwatch,41,195.31,234.63,9619.83,1612.1199999999997
2023-03-12,Smartphone,2,340.01,843.79,1687.58,1007.56
2023-01-09,Headphones,13,130.4,235.21,3057.73,1362.53
2023-09-09,Headphones,18,118.36,285.17,5133.06,3002.58
2023-02-06,Laptop,50,679.8,1019.54,50977.0,16987.0
2023-01-19,Smartphone,39,521.85,612.84,23900.760000000002,3548.6100000000006
2023-10-09,Headphones,33,125.23,110.09,3632.9700000000003,-499.62
2023-07-06,Smartwatch,38,199.42,273.56,10395.28,2817.3200000000006
2023-02-25,Headphones,23,118.88,217.6,5004.8,2270.56
2023-03-25,Headphones,48,114.7,258.14,12390.72,6885.12
2023-03-25,Smartphone,38,390.51,741.7,28184.600000000002,13345.220000000001
2023-06-23,Headphones,46,110.59,174.87,8044.02,2956.88
2023-05-20,Smartphone,17,333.75,711.68,12098.56,6424.8099999999995
2023-01-02,Smartphone,15,363.76,772.71,11590.650000000001,6134.250000000001
2023-12-10,Laptop,30,685.66,802.26,24067.8,3498.000000000001
2023-01-27,Tablet,20,376.56,438.59,8771.8,1240.5999999999995
2023-09-09,Laptop,23,677.71,721.97,16605.31,1017.9799999999998
2023-09-19,Laptop,47,676.46,1022.61,48062.67,16269.05
2023-08-10,Tablet,5,289.19,577.53,2887.6499999999996,1441.6999999999998
2023-07-29,Smartphone,28,563.48,758.49,21237.72,5460.28
2023-04-03,Tablet,39,349.11,426.95,16651.05,3035.759999999999
2023-07-25,Tablet,5,331.12,438.8,2194.0,538.4000000000001
2023-01-10,Headphones,49,94.5,127.82,6263.179999999999,1632.6799999999996
2023-10-03,Laptop,19,631.85,960.05,18240.95,6235.799999999998
2023-08-04,Tablet,47,328.97,462.87,21754.89,6293.299999999999
2023-04-14,Laptop,20,641.7,1108.03,22160.6,9326.599999999999
2023-07-06,Smartwatch,28,121.0,384.18,10757.04,7369.04
2023-05-30,Headphones,29,149.22,198.0,5742.0,1414.6200000000001
2023-05-24,Laptop,42,535.52,999.76,41989.92,19498.08
2023-09-04,Smartwatch,18,173.01,402.9,7252.2,4138.0199999999995
2023-07-01,Tablet,19,402.57,691.74,13143.06,5494.2300000000005
2023-02-04,Smartwatch,33,168.57,295.42,9748.86,4186.050000000001
2023-08-26,Smartphone,7,474.29,721.8,5052.599999999999,1732.5699999999995
2023-05-19,Smartwatch,50,226.29,313.0,15650.0,4335.5
2023-05-01,Smartwatch,21,196.25,441.0,9261.0,5139.75
2023-06-15,Laptop,26,699.41,937.72,24380.72,6196.060000000001
2023-12-04,Laptop,42,510.5,1016.77,42704.34,21263.34
2023-08-12,Headphones,44,143.97,279.75,12309.0,5974.32
2023-07-31,Tablet,2,287.29,545.0,1090.0,515.42
2023-05-28,Smartwatch,30,165.11,321.79,9653.7,4700.400000000001
2023-08-04,Smartphone,46,420.77,857.06,39424.759999999995,20069.339999999997
2023-11-29,Headphones,4,56.65,195.95,783.8,557.1999999999999
2023-06-13,Headphones,36,91.43,177.37,6385.32,3093.84
2023-05-31,Smartwatch,40,181.64,486.97,19478.800000000003,12213.2
2023-04-15,Smartwatch,47,243.22,340.33,15995.509999999998,4564.169999999999
2023-10-12,Smartwatch,48,209.2,400.47,19222.56,9180.960000000003
2023-06-20,Tablet,22,273.82,675.28,14856.16,8832.119999999999
2023-04-30,Smartphone,15,324.63,873.9,13108.5,8239.05
2023-12-31,Laptop,5,532.07,868.9,4344.5,1684.1499999999996
2023-12-28,Headphones,4,98.02,183.27,733.08,341.00000000000006
2023-09-04,Smartwatch,25,126.76,270.46,6761.499999999999,3592.4999999999995
2023-07-29,Laptop,38,503.41,1129.75,42930.5,23800.92
2023-04-19,Headphones,29,112.65,119.82,3474.7799999999997,207.92999999999964
2023-02-22,Tablet,50,290.29,586.71,29335.5,14821.0
2023-05-09,Smartphone,31,570.74,705.47,21869.57,4176.630000000001
2023-07-19,Tablet,48,491.51,733.32,35199.36,11606.880000000003
2023-11-27,Headphones,34,87.14,163.99,5575.66,2612.9
2023-07-10,Laptop,45,696.75,831.11,37399.95,6046.200000000001
2023-02-26,Smartphone,16,440.51,573.05,9168.8,2120.6399999999994
2023-03-16,Tablet,23,411.0,633.68,14574.64,5121.6399999999985
2023-03-31,Headphones,9,87.8,278.68,2508.12,1717.92
2023-11-05,Tablet,8,321.81,597.15,4777.2,2202.72
2023-09-26,Tablet,16,316.43,466.38,7462.08,2399.2
2023-01-08,Headphones,31,79.69,160.5,4975.5,2505.11
2023-05-16,Tablet,30,303.88,466.82,14004.6,4888.2
2023-02-22,Tablet,26,256.72,684.44,17795.440000000002,11120.720000000001
2023-03-31,Tablet,18,364.66,461.97,8315.460000000001,1751.58
2023-08-23,Laptop,41,700.27,1066.38,43721.58,15010.510000000006
2023-10-24,Headphones,42,149.78,295.69,12418.98,6128.22
2023-06-28,Smartwatch,1,236.15,366.49,366.49,130.34
2023-06-22,Laptop,17,565.61,895.59,15225.03,5609.66
2023-08-30,Smartphone,29,393.95,830.17,24074.93,12650.38
2023-05-13,Smartwatch,19,238.53,262.66,4990.540000000001,458.4700000000005
2023-09-22,Smartwatch,13,212.6,378.05,4914.650000000001,2150.8500000000004
2023-04-26,Headphones,12,100.01,156.28,1875.3600000000001,675.24
2023-04-11,Laptop,20,525.51,1135.45,22709.0,12198.800000000001
2023-02-22,Smartwatch,38,209.15,248.39,9438.82,1491.1199999999992
2023-05-01,Laptop,25,794.68,801.2,20030.0,163.0000000000024
2023-10-13,Tablet,8,499.47,737.02,5896.16,1900.3999999999996
2023-09-17,Smartphone,40,591.85,573.61,22944.4,-729.6000000000004
2023-10-13,Tablet,46,361.34,647.9,29803.399999999998,13181.76
2023-03-09,Tablet,6,406.46,600.68,3604.08,1165.3199999999997
2023-05-26,Laptop,34,615.15,1185.94,40321.96,19406.860000000004
